i,executor,block,hash,gasUsed,effectiveGasPrice,gasMetered,price,refund,tip,realFee,ratio,drift,executorNet,paid
1,0xa8965a47c9b6ed34f47b374f36cf6c752d24852a,21494271,0xf4c46a623add8bd7d1835dd128b7cfb6917900553568168ab6f9513e12734164,58415,20000000000,58415,20000000000,1168300000000000,100000000000000,1168300000000000,1.000000,0,100000000000000,true
2,0xa8965a47c9b6ed34f47b374f36cf6c752d24852a,21494274,0x90c748f5e8a5cc2153df37c877bddd668e3b6736ad5fb0215a19fbe7a8c894e1,58415,20000000000,58415,20000000000,1168300000000000,100000000000000,1168300000000000,1.000000,0,100000000000000,true
3,0xa8965a47c9b6ed34f47b374f36cf6c752d24852a,21494276,0x970135ffee52693fd876573822da513e5e46471aca9a1ddd89ef1a7fc4875b81,58415,20000000000,58415,20000000000,1168300000000000,100000000000000,1168300000000000,1.000000,0,100000000000000,true
4,0xa8965a47c9b6ed34f47b374f36cf6c752d24852a,21494278,0x744cd5aeebd30d64c8a9a68e47421b1e3987653bfa98d56a421cf701e24ee33d,58415,20000000000,58415,20000000000,1168300000000000,100000000000000,1168300000000000,1.000000,0,100000000000000,true
5,0xa8965a47c9b6ed34f47b374f36cf6c752d24852a,21494281,0x31fd3effc895dae7131c431ad75375a06525ea0ed73a8f09498f9c022e215f7e,58415,20000000000,58415,20000000000,1168300000000000,100000000000000,1168300000000000,1.000000,0,100000000000000,true
6,0xa8965a47c9b6ed34f47b374f36cf6c752d24852a,21494283,0x12183d67f2cfd665f5a13bd063cb293085467278dc591d7491378046638c1c32,58415,20000000000,58415,20000000000,1168300000000000,100000000000000,1168300000000000,1.000000,0,100000000000000,true
7,0xa8965a47c9b6ed34f47b374f36cf6c752d24852a,21494286,0x47424245c775c7fe9c1613a9a45687cbdfbc5448754d530e593fe7b5714029e0,58415,20000000000,58415,20000000000,1168300000000000,100000000000000,1168300000000000,1.000000,0,100000000000000,true
8,0xa8965a47c9b6ed34f47b374f36cf6c752d24852a,21494289,0x58898e2002365a05739b591d1c64e9b9bd40398cb8ad02fc59e1a36b6c7304c1,58415,20000000000,58415,20000000000,1168300000000000,100000000000000,1168300000000000,1.000000,0,100000000000000,true
9,0xa8965a47c9b6ed34f47b374f36cf6c752d24852a,21494292,0x17aa51a2c5db2911a9120fc67da3e5c319b8b6cdc80565b130d3311e9168def8,58415,20000000000,58415,20000000000,1168300000000000,100000000000000,1168300000000000,1.000000,0,100000000000000,true
10,0xa8965a47c9b6ed34f47b374f36cf6c752d24852a,21494295,0x6d01280f7e058f211040339dd92fae30c5da4ef2130b360ce4c4252190a9152d,58415,20000000000,58415,20000000000,1168300000000000,100000000000000,1168300000000000,1.000000,0,100000000000000,true
11,0xa8965a47c9b6ed34f47b374f36cf6c752d24852a,21494298,0x70b401407c8722797282586f58c742d7978259922e65addb8ae89bddb5f2c16e,58415,20000000000,58415,20000000000,1168300000000000,100000000000000,1168300000000000,1.000000,0,100000000000000,true
12,0xa8965a47c9b6ed34f47b374f36cf6c752d24852a,21494301,0x757c13ec6028e189656fa3e361093fdd8a0bfbbb95af9aaa713241ba8bcf49fb,58415,20000000000,58415,20000000000,1168300000000000,100000000000000,1168300000000000,1.000000,0,100000000000000,true
13,0xa8965a47c9b6ed34f47b374f36cf6c752d24852a,21494303,0x10e2d9436b9c9a5e1ddae80eaf7f8ad86015fa043eb8a65dc4deb548658ac641,58415,20000000000,58415,20000000000,1168300000000000,100000000000000,1168300000000000,1.000000,0,100000000000000,true
14,0xa8965a47c9b6ed34f47b374f36cf6c752d24852a,21494306,0xb491f904b80bbdc3f348d662a5e1957c50047a9c5d1224b795c1eeb75f5c59f4,58415,20000000000,58415,20000000000,1168300000000000,100000000000000,1168300000000000,1.000000,0,100000000000000,true
15,0xa8965a47c9b6ed34f47b374f36cf6c752d24852a,21494310,0x7d858747f9a6860fe7110084637a4c8ae29d62063777261a1bac9f858145d792,58415,20000000000,58415,20000000000,1168300000000000,100000000000000,1168300000000000,1.000000,0,100000000000000,true
16,0xa8965a47c9b6ed34f47b374f36cf6c752d24852a,21494312,0x3145f276accfd6bbbaede4f9561511c728f431788e999f6dd7b1ee44d717c525,58415,20000000000,58415,20000000000,1168300000000000,100000000000000,1168300000000000,1.000000,0,100000000000000,true
17,0xa8965a47c9b6ed34f47b374f36cf6c752d24852a,21494315,0x4c9026031b4eb7de551b0eae9b116e994ff264e565ef798e11d557b8bdfecf3d,58415,20000000000,58415,20000000000,1168300000000000,100000000000000,1168300000000000,1.000000,0,100000000000000,true
18,0xa8965a47c9b6ed34f47b374f36cf6c752d24852a,21494318,0x91d52409aa752adbd5c277809e05b43410b171b4a93ae737a76ba9ff0c74e01f,58415,20000000000,58415,20000000000,1168300000000000,100000000000000,1168300000000000,1.000000,0,100000000000000,true
19,0xa8965a47c9b6ed34f47b374f36cf6c752d24852a,21494320,0xc6d9e06cb6c007f9a24b3d9ee648b2fe9938e4dfcdf0bdea939fa09aeb629b77,58415,20000000000,58415,20000000000,1168300000000000,100000000000000,1168300000000000,1.000000,0,100000000000000,true
20,0xa8965a47c9b6ed34f47b374f36cf6c752d24852a,21494323,0x5ecaa156f0274ad48d15b4aa79290fa33941ccacc1b41e2876d52b2d81f2d607,58415,20000000000,58415,20000000000,1168300000000000,100000000000000,1168300000000000,1.000000,0,100000000000000,true
21,0xa8965a47c9b6ed34f47b374f36cf6c752d24852a,21494327,0x7cf47de2cb46483acf34c08080e5e6dbed16a8935374237b9c0127332c4441af,58415,20000000000,58415,20000000000,1168300000000000,100000000000000,1168300000000000,1.000000,0,100000000000000,true
22,0xa8965a47c9b6ed34f47b374f36cf6c752d24852a,21494330,0xdd1dc25f147a720bdd1d78160b124424a32449cb4d14c268c5a73b78954cc46b,58415,20000000000,58415,20000000000,1168300000000000,100000000000000,1168300000000000,1.000000,0,100000000000000,true
23,0xa8965a47c9b6ed34f47b374f36cf6c752d24852a,21494333,0x2fed9a00d02ed573b4fce4cf9c187b2482045d39b7acdeb722ee638a79d385ca,58415,20000000000,58415,20000000000,1168300000000000,100000000000000,1168300000000000,1.000000,0,100000000000000,true
24,0xa8965a47c9b6ed34f47b374f36cf6c752d24852a,21494335,0xab232252c787cfe8724da24a76ee90eb170bc43f5fa0a4297e101899ae8edcee,58415,20000000000,58415,20000000000,1168300000000000,100000000000000,1168300000000000,1.000000,0,100000000000000,true
25,0xa8965a47c9b6ed34f47b374f36cf6c752d24852a,21494337,0x756c05a7f8ccc8c53802243b88b6149783aa321435dc54a7d1c5002da90e3741,58415,20000000000,58415,20000000000,1168300000000000,100000000000000,1168300000000000,1.000000,0,100000000000000,true
26,0x352e5cdea885dbcabe850259ca8aa6759b5aaa60,21494340,0x4feac66e1762459cad136070ac795443f4f9eb2249dad4bce328d799d07fdcb3,55915,20000000000,55915,20000000000,1118300000000000,100000000000000,1118300000000000,1.000000,0,100000000000000,true
27,0x352e5cdea885dbcabe850259ca8aa6759b5aaa60,21494344,0xb1ac0ee449edebcf42a256c83a7806392389931f25339a940a36e1cb5dc84e1e,55915,20000000000,55915,20000000000,1118300000000000,100000000000000,1118300000000000,1.000000,0,100000000000000,true
28,0x352e5cdea885dbcabe850259ca8aa6759b5aaa60,21494346,0x017de17acb00aebc0d07b1c4909fb2c6438cec300c3fca9c3d906c2d814753ce,55915,20000000000,55915,20000000000,1118300000000000,100000000000000,1118300000000000,1.000000,0,100000000000000,true
29,0x352e5cdea885dbcabe850259ca8aa6759b5aaa60,21494349,0xa8195bd0445ce19f59fba93eb5a3b078c041bd3cf602f8f568744e3453a317bd,55915,20000000000,55915,20000000000,1118300000000000,100000000000000,1118300000000000,1.000000,0,100000000000000,true
30,0x352e5cdea885dbcabe850259ca8aa6759b5aaa60,21494351,0x43069dce9d262d1baaf5367fb41546830b67ce7a7b8cd4b9ff9bdfa1c9ce440d,55915,20000000000,55915,20000000000,1118300000000000,100000000000000,1118300000000000,1.000000,0,100000000000000,true
